Algorithm,Time,Steps,Path Length
BFS,0.027825117111206055,2674,31
A*,0.035676002502441406,2164,31
Simulated Annealing,0.02921772003173828,1000,31
Backtracking,1.6689300537109375e-06,6984,137
