Algorithm,Time,Steps,Path Length
BFS,0.15519356727600098,11568,25
A*,0.15840888023376465,6781,25
Simulated Annealing,0.022663354873657227,1000,25
Backtracking,1.6689300537109375e-06,13881,74
