Algorithm,Time,Steps,Path Length
BFS,0.2622232437133789,22329,37
A*,1.184997320175171,17760,37
Simulated Annealing,0.03203701972961426,1000,37
Backtracking,2.1457672119140625e-06,62136,353
